;Name of Added Sugar;Product Name;URL;Description
1;Agave Nectar;Panera Bread Agave Lemonade;https://www.panerabread.com/en-us/menu-categories/drinks.html#agave-lemonade;Agave nectar is produced from the agave plant, where juice is extracted from the core, filtered, and heated to break the complex components into simple sugars. This sugar is another name for agave syrup.
2;Agave Syrup;Starbucks Lemon Chiffon Yogurt;https://www.starbucks.com/menu/food/yogurt-and-fruit/lemon-chiffon-yogurt?foodZone=9999;Agave syrup is produced from the agave plant, where juice is extracted from the core, filtered, and heated to break the complex components into simple sugars.
3;Anhydrous Dextrose;Starbucks Chocolate Croissant;https://www.starbucks.com/menu/food/bakery/chocolate-croissant-lb;Anhydrous dextrose is a simple carbohydrate that is a colorless, odorless white powder. This sugar can be found in fillings, custards, and chocolate.
4;Apple Juice Concentrate;Clif Bar Blueberry Crisp Energy Bar;https://shop.clifbar.com/CLIF-Bar-Blueberry-Crisp/p/CLIF-102607&c=ClifBar@ClifBar@Bars;Apple juice concentrate is made by squeezing juice from the apple and removing a large percentage of the water, usually by heat. This sugar can be found in Blueberry Crisp bars.
5;Barley Malt;Cascadian Farm Organic Sweet & Salty Peanut Pretzel Chewy Granola Bar;https://www.cascadianfarm.com/product/sweet-salty-peanut-pretzel-chewy-granola-bar/;Barley malt is barley that has been allowed to germinate by soaking the grain in water, which prepares the starches to be converted into fermentable sugars. This sugar can be found in some chocolate chip granola bars.
6;Barley Malt Extract;Clif Bar Chocolate Chip Energy Bar;https://www.clifbar.com/products/clif/clif-bar/chocolate-chip;Barley malt extract is barley that has been allowed to germinate by soaking the grain in water. Insoluble fiber is removed and the resulting sugary liquid is concentrated to make a liquid sweetener or powder. This sugar can be found in Clif chocolate chip bars.
7;Barley Malt Syrup;Starbucks Fresh Blueberries And Honey Greek Yogurt Parfait Dessert;https://www.starbucks.com/menu/food/yogurt-and-fruit/fresh-blueberries-and-honey-greek-yogurt-parfait?foodZone=9999;Barley malt syrup is an unrefined sweetener processed by extraction from malt or barley. This sugar can be found in some Fresh blueberry and honey greek yogurt parfaits.
8;Beet Juice Concentrate;Yoplait Original Cherry Orchard Yogurt;https://www.yoplait.com/product/regular-original-cherry-orchard;Beet juice concentrate is made by squeezing juice from the beet and removing a large percentage of the water, usually by heat. This sugar can be found in Yoplait cherry orchard yogurt.
9;Beet Sugar;Nutella Hazlenut Spread With Cocoa;https://www.nutella.com/en/us/nutella-sugar;Beet sugar is formed by photosynthesis in the leaves and is then stored in the root. This sugar can be found in Nutella.
10;Beet Syrup;Clif Bar Builder's Chocolate Mint Protien Bar;https://www.clifbar.com/products/clif/builder-s/chocolate-mint;Beet syrup is made from the juice of harvested beets, cooked and concentrated. This sugar can be found in some chocolate mint protein bars.
11;Black Currant Juice Concentrate;Yogurtland Black Currant Berry Tart Frozen Yogurt;https://www.yogurt-land.com/flavors/view/3805/black-currant-berry-tart;Black currant juice concentrate is made by squeezing juice from black currants and removing a large percentage of the water, usually by heat. This sugar can be found in some blackberry acai bars.
12;Blackberry Juice Concentrate;Lindt Blackberry With Acai Excellence Bar Dark Chocolate;https://www.lindtusa.com/blackberry-with-acai-excellence-bar-e000486;Blackberry juice concentrate is made by squeezing juice from the blackberry and removing a large percentage of the water, usually by heat. This sugar can be found in some yogurts.
13;Blackcurrant Juice Concentrate;Nestlé Ceregrow Multigrain Cereal With Milk And Fruit;https://www.nestle.in/brands/mpn/ceregrow/ingredients;Blackcurrant juice concentrate is made by squeezing juice from blackcurrants and removing a large percentage of the water, usually by heat. This sugar can be found in some baby cereals.
14;Blackstrap Molasses;Whole Foods Market Gluten-Free Molasses Ginger Cookies;https://www.wholefoodsmarket.com/gluten-free/ingredients-nutrition;Blackstrap molasses is made by triple boiling and sugar extraction process. This sugar can be found in molasses ginger cookies.
15;Blood Orange Juice Concentrate;Noosa Yoghurt Blood Orange Yogurt;https://www.noosayoghurt.com/product/blood-orange/;Blood orange juice concentrate is made by squeezing juice from the blood orange and removing a large percentage of the water, usually by heat. This sugar can be found in some blood orange yogurts.
16;Blueberry Juice Concentrate;Oakhurst Wild Blueberry Flavored Milk;https://www.oakhurstdairy.com/product/flavored-milk-products/wild-blueberry-milk/;Blueberry juice concentrate is made by squeezing juice from the blueberry and removing a large percentage of the water, usually by heat. This sugar can be found in some wild blueberry milks.
17;Boysenberry Juice Concentrate;Edy's Sherbet Berry Rainbow Ice Cream;https://www.edys.com/products/edys-classics/berry-rainbow/edys-classics-sherbet/;Boysenberry juice concentrate is made by squeezing juice from the boysenberry and removing a large percentage of the water, usually by heat. This sugar can be found in some berry flavored sherberts.
18;Brown Cane Sugar;Tate's Chocolate Chip Cookies;https://www.tatesbakeshop.com/Ingredients.pdf;Brown cane sugar is extracted from the sugarcane plant and not refined or sometimes it is in the form of cane juice. This sugar can be found in some chocolate chip cookies.
19;Brown Rice Syrup;Kashi Golean Honey Almond Flax Crunch Cereal;https://www.kashi.com/our-foods/cold-cereal/kashi-golean-crunch-honey-almond-flax-cereal;Brown rice syrup is made by cooking whole-grain rice, and then using enzymes to break down the starch into the sugars maltose, maltotriose, and a small amount of glucose. This sugar can be found in some honey almond flavor cereals.
20;Brown Rice Syrup Solids;McCormick Good Morning Brown Sugar Vanilla Breakfast Seasoning;https://www.mccormick.com/spices-and-flavors/breakfast/breakfast-seasonings/good-morning-brown-sugar-vanilla-seasoning;Brown rice syrup solids is made by cooking whole-grain rice, then using enzymes to break down the starch into the sugars maltose, maltotriose and a small amount of glucose. This sugar can be found in some brown sugar vanilla breakfast seasonings. 
21;Brown Sugar;Stubb's Sticky Sweet Legendary Bar-B-Q Sauce;http://www.stubbsbbq.com/product/sticky-sweet/?utm_source=google&utm_medium=cpc&utm_term=sweet%20bbq%20sauce&utm_content=stubbs&utm_campaign=stubbs%7Cfy17%7Cggl%7Cnb%7Cproducts%7Cbbq-sauce%7Cbroad&gclid=Cj0KCQjw45_bBRD_ARIsAJ6wUXS2v9xsHOqpvNhFLCM1CZQMkvTzC5kYmansS5pj0pX84dWo2vfDAPUaAnFyEALw_wcB;Brown sugar is a sucrose sugar product with brown color due to the presence of molasses. This sugar can be found in some sweet BBQ sauces.
22;Brown Sugar Syrup;General Mills Fiber One Honey Clusters Cereal;https://www.generalmills.com/en/Brands/Cereals/fiber-one/brand-product-list;"Brown sugar syrup adds a molasses-like richness to juices; it is made by heating brown sugar and water together. This sugar can be found in some cereal honey clusters."
23;Cane Crystals;Bluebonnet Nutrition Earthsweet Chewables Vitamin B6, B12 & Folic Acid Tablets;http://bluebonnetnutrition.com/product/74/EarthSweet%AE_Chewables_Vitamin_B%3Csub%3E6%3C-sub%3E%2C_B%3Csub%3E12%3C-sub%3E_%26_Folic_Acid_Tablets;"Cane crystals is still sugar. The sugar company, Florida Crystals, is the only one that uses the name ""cane crystals"". This sugar can be found in chewable vitamins."
24;Cane Juice;Whole Foods Market Madagascar Vanilla Wafers Cookies;https://www.wholefoodsmarket.com/products/magagascar-vanilla-wafers;Cane juice is defined as any sweetener derived from sugarcane syrup by US Food and Drug Administration (FDA). This sugar can be found in some vanilla wafers.
25;Cane Juice Crystals;Eggcellent Molasses Bacon Seasonings;https://www.eggcellentseasonings.com/product/molasses-bacon/?add-to-cart=291;"The sugar company, Florida Crystals, is the only one that uses the name ""cane juice crystals."" Nevertheless, it is still sugar. This sugar is found in molasses bacon seasoning."
26;Cane Molasses;Among Friends Baking Mixes Shane's Molasses Ginger Cookie Mix;http://amongfriendsbakingmixes.com/shanes-5/;Cane molasses is made by extracting the juice of cane sugar, boiling to concentrate it, which promotes sugar crystallization. The result of this first boiling is called first syrup, and it has the highest sugar content. This sugar can be found in molasses ginger cookie mixes.
27;Cane Refinery Syrup;Whataburger Grilled Chicken Sandwich;http://whataburger.com/food/item/grilled-chicken-sandwich-;Cane refinery syrup contains large quantities of fructose and glucose in pure form. This sugar can be found in some grilled chicken sandwiches.
28;Cane Sugar;Starbucks Smoked Mozarella & Roasted Pepper Sandwich;https://www.starbucks.com/menu/food/mercato/smoked-mozzarella-roasted-peppers;Cane sugar is extracted from the sugarcane plant and not refined, sometimes in the form of cane juice, this raw form of sugar still retains some of the molasses and moisture from the plant. This sugar can be found in some mozzarella and roasted pepper sandwiches.
29;Cane Syrup;Udis Gluten Free Cinnamon Raisin Bagel;https://udisglutenfree.com/products/cinnamon-raisin-bagel/;Cane syrup is a traditional American sweetener made by the simple concentration of cane juice through long cooking in open kettles. This sugar can be found in some chocolate chia muffin tops.
30;Caramelized Pear Juice Concentrate;Bakery On Main Extreme Nut & Fruit Granola;https://bakeryonmain.com/shop/extreme-nut-fruit-granola/;Caramelization is the oxidation of sugar that creates a browning reaction. After squeezing juice from the pear and removing a large percentage of the water, usually by heat. This sugar can be found in nut and fruit granola.
31;Caramelized Sugar;GravyMaster Seasoning Sauce;http://www.gravymaster.com/nutritional-information/;Caramelized sugar is simply a mixture of sugar and water cooked until it becomes syrup and darkens. This sugar can be found in Gravy Master.
32;Caramelized Sugar Syrup;Sahale Snacks Honey Almonds Glazed Mix;http://www.sahalesnacks.com/products/honey-almonds-glazed-mix;Caramelized sugar syrup is simply a mixture of sugar and water cooked until it becomes syrupy and darkens, and reaches a temperature from 340 to 350 degrees F. This sugar can be found in some honey almond glazed mixes.
33;Carrot Juice Concentrate;V8 Fruit & Vegetable Blends Carrot Mango Beverage;https://www.campbells.com/v8/v8-fruit-and-vegetable-blends/carrot-mango/;Carrot juice concentrate is made by squeezing juice from the carrot and removing a large percentage of the water, usually by heat. This sugar can be found in SmartMade Roasted Vegetables.
34;Cherry Juice Concentrate;Chobani Black Cherry On The Bottom Yogurt;https://www.chobani.com/products/greek/fruit-on-the-bottom/black-cherry/;Cherry juice concentrate is made by squeezing juice from the cherry and removing a large percentage of the water, usually by heat. This sugar can be found in some black cherry flavored yogurts.
35;Clarified Guava Juice Concentrate;Cascade Glacier Maui Waui Sherbet Ice Cream;https://www.cascadeglacier.com/product/maui-waui/;Clarified Guava Juice Concentrate is made by squeezing juice from the guava and removing a large percentage of the water, usually by heat and much if not all of the pulp is removed. This sugar can be found in some sherbert ice creams.
36;Clarified Lime Juice Concentrate;Dannon Yocream Key Lime Nonfat Non-Dairy Sorbet;https://www.chillzonenm.com/Flavor%20info/Key%20Lime%20Sorbet.pdf;Clarified Lime Juice Concentrate is made by squeezing juice from the lime and removing a large percentage of the water, usually by heat and much if not all of the pulp is removed. This sugar can be found in some key lime flavored sorbets.
37;Clover Honey;Kent's Sauce, A Honey And Hot Sauce Concoction;https://www.kentssauce.com/;Clover honey is honey that has been harvested from bees that have gathered nectar from a majority of clovers. This sugar can be found in some sauces.
38;Coconut Blossom Sugar;Dream Pops Chocolate Lion Popsicle;https://dreampops.com/collections/all/products/chocolate-lion-4-pack;Coconut blossom sugar is the dehydrated sap of the coconut palm. This sugar can be found in some chocolate popsicles.
39;Coconut Nectar;Super Natural Chocolate Chocolate Truffle;https://www.thegreatunbaked.com/pages/ingredients;Coconut nectar is made when the coconut tree is tapped and produces a nutrient-rich sap. This sugar can be found in some dark chocolate truffle balls.
40;Coconut Palm Nectar;Rickaroons Chocolate Blonde Coconut Energy Bar;https://www.rickaroons.com/chocolate-blonde/;Coconut Palm Nectar comes from sweet sap after tapping stalks or stems of flowering coconut blossoms and is further evaporated at low temperatures, forming a pourable syrup. This sugar can be found in some chocolate coconut energy bars.
41;Coconut Palm Sugar;Fage Crossovers Maple Syrup With Granola;https://usa.fage/products/yogurt/fage-crossovers/maple-syrup-granola;Coconut palm sugar is produced from the sap of the flower bud stem of the coconut palm. This sugar can be found in some yogurt crossovers.
42;Coconut Sugar;Miracle Noodle Ready-To-Eat Spaghetti With Tomato Sauce;https://miraclenoodle.com/products/miracle-noodle-ready-to-eat-spaghetti-with-tomato-sauce;Coconut sugar is the dehydrated sap of the coconut palm. This sugar can be found in some noodle and pasta packets.
43;Coconut Sugar Crystals;Super Natural Chocolate Chocolate Truffle;https://www.thegreatunbaked.com/pages/ingredients;Coconut crystals are made from dried coconut sap nectar which hardens into brown coconut sugar. This sugar can be found  in some dark chocolate truffle balls.
44;Concentrated Melon Juice;Hi-Chew Tropical Mix Bag Melon Candy;https://www.hi-chew.com/nutrition-information/#grabBag-nutrition;Concentrated melon juice is made by squeezing juice from the melon and removing a large percentage of the water, usually by heat. This sugar can be found in some chewing, watermelon flavored candy.
45;Corn Barley Malt Syrup (i);Country Life Natural Foods Cashwe Date Delight Granola;https://www.clnf.org/cashew-date-delight-3;Corn barley malt syrup is an unrefined sweetener processed by extraction from malt or barley. This sugar can be found in some cashew granola bars.
46;Corn Dextrin;Swiss Miss Milk Chocolate Hot Cocoa Pods;https://www.keurig.com/Beverages/Hot-Cocoa/Milk-Chocolate-Hot-Cocoa/p/Milk-Chocolate-Hot-Cocoa-Swiss-Miss:24_CT#SLOT3;Corn Dextrins are a type of Dextrin but only extracted from corns. This sugar can be found in some hot cocoa powders.
47;Corn Maltodextrin;Abbott Laboratories Ensure Plus Milk Chocolate Nutrition Shake;https://ensure.com/nutrition-products/ensure-plus#milk-chocolate;Corn Maltodextrin is a highly processed white powder made from corn, rice, potato starch, or wheat. This sugar can be found in some nutrition shakes.
48;Corn Sweetener;The Blue Pacific Grill Thai Peanut Sauce;http://www.thebluepacificgrill.com/Nutritional%20ingredient%20guides%20for%20BPG.pdf;Corn sweetener is made from the starch of corn and contains varying amounts of maltose and higher oligosaccharides, depending on the grade. This sugar can be found in some sauces and dressings. 
49;Corn Syrup;Starbucks Almond Butter Strawberries & Jam Sandwich;https://www.starbucks.com/menu/food/mercato/almond-butter-strawberry-jam;Corn syrup is a food syrup which is made from the starch of corn and contains varying amounts of maltose and higher oligosaccharides, depending on the grade. This sugar can be found in many products including salad dressings, breads, sweetened yogurts, and candy.
50;Corn Syrup Butter (ii);Fun Factory Sweet Shoppe Blueberry Popcorn;https://funfactorysweets.com/products/blueberry;Corn syrup butter is a food syrup which is made from the starch of corn and contains varying amounts of maltose and higher oligosaccharides, depending on the grade. This sugar can be found in some dark chocolate caramel bars.
51;Corn Syrup Solids;Quaker Chocolate Chip Chewy Granola Bars;http://www.quakeroats.com/products/oat-snacks/chewy-granola/chocolate-chip.aspx;Corn syrup solids provide energy for babies. Plus, they are easily digested even if the baby is sensitive to lactose or sucrose. Corn syrup solids are NOT the same as high-fructose corn syrup. This sugar can be found in chicken, cinnamon rolls, and mashed potatoes.
52;Cranberry Juice Concentrate;Hershey-Brookside Açai And Blueberry Flavors Dark Chocoalte;https://www.brooksidechocolate.com/en_us/products/blueberry-acai.html;Cranberry juice concentrate is made by squeezing juice from the cranberry and removing a large percentage of the water, usually by heat. This sugar can be found in snack bars, juices, and dressings.
53;Crystalline Fructose;Metagenics Endura Energy And Rehydration Formula Nutrition Supplement;https://www.metagenics.com/mas_assets/theme/metagenics/pdf/MET2170_Metagenics_Product_Catalog_2016.pdf;Crystalline fructose is 100 percent fructose. This sugar can be found in juices, breads and other bakery items.
54;Dark Brown Cane Sugar;BellaFineFoods Gluten Free Screamin' Chocolate Chip and Walnut Tefftations Cookie;http://www.bellafinefoods.com/gluten-free-cookie-screamin-chocolate-chip-and-walnut-tefftations/;Dark brown cane sugar is extracted from the sugarcane plant and not refined, sometimes in the form of cane juice, this raw form of sugar still retains some of the molasses and moisture from the plant. This sugar can be found in frozen dessert items.
55;Dark Brown Sugar;Fleurir Chocolates Cashew Toffee With Golden Flaxseed Toffees;http://www.fleurirchocolates.com/ingredients/;Brown sugar is a sucrose sugar product with brown color due to the presence of molasses. This sugar can be found in condiments, bakery items, and yogurts. 
56;Date Crystals;Shields' Famous Date Shake;http://www.shieldsdategarden.com/Images/lunch-menu-summer2017.pdf;Date Crystals are small, dehydrated date pieces that can be used dry as a sweetener or rehydrated to add sweetness. This sugar can be found in date vanilla milkshakes.
57;Date Juice Concentrate;Pascha Make Me Smile! Chocolate Fruit Spread;https://paschachocolate.com/collections/spread/products/new-improved-taste-make-me-smile-chocolate-fruit-spread;Date juice concentrate is made by obtaining juice from the date and removing a large percentage of the water, usually by heat. This sugar can be found in chocolate fruit spreads and nut blend mixes.
58;Date Syrup;Fourth and Heart Original Recipe Chocti Chocolate Ghee Spread;https://fourthandheart.com/product/original-recipe-chocti/;Date syrup is a whole food sweetener that contains plenty of fiber, minerals, and antioxidants. This sugar can be found in some chocolate spreads.
59;Decorative Sugars;Westminister Bakers Lucy's Holiday Sugars Cookies;http://www.westminstercrackers.com/holiday-sugar-cookies?page_id=42;Decorative sugar is the generic name for soluble carbohydrates designed and crafted to add visual appeal and sweetness to baked goods. This sugar can be found in holiday sugar cookies.
60;Dehydrated Cane Juice;Hadley Fruit Orchards Natural Juice Sweetened Mangos Dried Fruit;https://www.hadleyfruitorchards.com/product/natural-juice-sweetened-mangos-6oz;The US Food and Drug Administration (FDA) defines dehydrated cane juice as any sweetener derived from sugarcane syrup. This sugar can be found in peanut butter and other condiments.
61;Dehydrated Cane Sugar;Chatfield's White Chocolate Chips;https://www.chatfieldsbrand.com/product/white-chocolate-chips;Dehydrated cane sugar is a evaporated natural sweetener made from sugar cane. This sugar can found be in animal crackers, white chocolate chips, and uncured bacon pork sticks.
62;Demerara Sugar;Omaha Steaks Sweet Smoky Applewood Rub Seasoning;https://www.omahasteaks.com/servlet/OnlineShopping?Dsp=5706&IID=2652;Demerara sugar, or raw (cane) sugar, is made from the juice of the sugar cane plant with brown coloring due to the presence of molasses. This sugar can be found in seasonings, dressings, and chocolate bars.
63;Dextrin;365 Everyday Value Roasted Garlic Tanoori Naan;https://products.wholefoodsmarket.com/product/365-everyday-value-365-everyday-value-tandoori-naan-roasted-garlic-4-each-be62dd;Dextrins are a group of carbohydrates produced by the hydrolysis of starch or glycogen. This sugar can be found in 
64;Dextrose;Nature Valley Peanut Butter Protein Granola;https://www.naturevalley.com/product/peanut-butter-granola/;Dextrose is the name of a simple sugar that is made from corn and is chemically identical to glucose, or blood sugar. This sugar can be found in pancake mix, peanut butter protein granola bars, and cut meats like bologna and salami.
65;Dextrose Anhydrous Glucose;House Foods Mild Vermont Curry Sauce Mix;https://housefoods-group.com/products/en/catalog/vmt/mid.html;Dextrose anhydrous glucose is a monosaccharide, a simpler sugar than the fructose cane sugar, making it a dry sugar. This sugar can be found in some curry mixes.
66;Dextrose Sugar;Weightwatchers Toffee Peanut Mini Bar;https://www.weightwatchers.com/images/1033/dynamic/GCMSImages/Snacksmore_MiniBars_LearnMore.pdf;Dextrose is the name of a simple sugar that is made from corn and is chemically identical to glucose, or blood sugar. This sugar can be found in cold cut meats, bbq flavored chips, and caramel flavored candy.
67;Diastatic Malt;Prager Bros Croissant;http://www.pragerbrothers.com/ingredients/;Diastatic malt is a grain which has been sprouted, dried, and grounded into a powder. By sprouting the grain (often wheat or barley) and letting the grain grow into a small sprout, it activates the enzymes inside the grain. This sugar can be found in pastries and rye breads.
68;Diastatic Malt Powder;Wendel's Specialty Breads Rustic Pan Rye Bread;http://wendelsbread.com/rustic-pan-rye/;Diastatic malt powder is a grain that has been sprouted, dried and grounded into a powder. It is used in many baked goods to improve texture and rise of the product. This sugar can be found in rye breads.
69;Dried Brown Rice Syrup;Kashi Peanut Peanut Butter Chewy Granola Bar;https://www.kashi.com/our-foods/bars/kashi-chewy-granola-bars-peanut-peanut-butter;Brown rice syrup is a sweetener made by cooking whole-grain rice, and then using enzymes to break down the starch into the sugars maltose, maltotriose, and a small amount of glucose. This sugar can be found in chewy granola bars.
70;Dried Cane Sugar;Nature's Bakery Raspberry Whole Wheat Fig Bars;https://www.naturesbakery.com/shop-snacks/whole-wheat-fig-bars/whole-wheat-fig-bars-raspberry;Dried cane sugar is a dehydrated natural sweetener made from sugar cane. This sugar can be found in meal replacement bars, potato chips, and fig bars.
71;Dried Cane Syrup;Kashi Golean Honey Almond Flax Crunch Cereal;https://www.kashi.com/our-foods/cold-cereal/kashi-golean-crunch-honey-almond-flax-cereal;Dried cane syrup has undergone significantly less processing, which results in a large grain sugar that can be used in place of white sugar. This sugar can be found in flavored cereals, graham crackers and multi-grain bread.
72;Dried Cherry Juice Concentrate;Clif Bar Fruit Smoothie Filled Tart Cherry Berry Energy Bar;https://www.clifbar.com/products/clif/fruit-smoothie-filled/tart-cherry-berry;Cherry juice is a fruit juice consisting of the juice of cherries. It is then dried and concentrated, removing a large percentage of the water, usually by heat. This sugar can be found in energy bars. 
73;Dried Corn Syrup;Fruit Gushers Flavor Mixers;http://www.generalmills.com/en/Brands/Snacks/fruit-snacks/brand-product-list;Dried corn syrup is 100% glucose, the smallest form of sugar. They use the dried product in powdered coffee creamers, drink mixes and baby formula.
74;Dried Cranberry Juice Concentrate;Clif Bar Fruit Smoothie Filled Tart Cherry Berry Energy Bar;https://www.clifbar.com/products/clif/fruit-smoothie-filled/tart-cherry-berry;Cranberry juice is a fruit juice consisting of the juice of cranberries. It is then dried and concentrated, removing a large percentage of the water, usually by heat. This sugar can be found in energy bars.
75;Dried Glucose Syrup;Tim Hortons Sundried Tomato Asiago Parm Bagel;https://www.timhortons.com/us/en/pdf/Ingredient_Information_-_USA.pdf;Dried glucose syrups are carbohydrate powders with a slightly sweet taste that are used as sweeteners, nutritive components, or texturizing agents. This sugar can be found in candy, icing, and breads like bagels and pizza crust.
76;Elderberry Juice Concentrate;Clif Bar Blueberry Crisp Energy Bar;https://www.clifbar.com/products/clif/clif-bar/blueberry-crisp;Elderberry juice concentrate is made by squeezing juice from the Elderberry and removing a large percentage of the water, usually by heat. This sugar can be found in clif energy bars.
77;Ethyl Maltol;Kroger Original Mini Kaleidos Chocolate Sandwich Cookies;https://www.kroger.com/p/kroger-original-mini-kaleidos-chocolate-sandwich-cookies/0001111084630;Ethyl maltol is a white solid that is a common flavorant in some confectioneries. This sugar can be found in chocolate, gelatin desserts, and juices like fruit punch.
78;Evaporated Cane Crystals;Tanka Slow Smoked Original flavor Buffalo Beef Sticks;http://www.tankabar.com/cgi-bin/nanf/public/viewStory.cvw?sessionid=497c4676af9ce8358b4f29fc472e4241cdb92ddae837&storyid=134975&sectionname=Nutritionals&commentbox=Y;"The sugar company, Florida Crystals, is the only one that uses the name ""cane crystals"". Nevertheless, it is still sugar. This sugar can be found in bread mixes. "
79;Evaporated Cane Juice;Gopicnic Peanut Butter And Honey Crackers;http://gopicnic.com/peanut-butter-crackers;The US Food and Drug Administration (FDA) defines evaporated cane juice as any sweetener derived from sugarcane syrup. This sugar can be found in quinoa granola, cereal bars, and chocolate soy milk.
80;Evaporated Cane Juice Invert Syrup;Back To Nature Dark Chocolate & Oats Granola Cookie;https://www.backtonaturefoods.com/what-we-make/cookies/dark-chocolate-oats-granola-cookies/;Evaporated cane juice invert syrup is a highly soluble sweetener manufactured by dissolving evaporated cane juice in water and inverting a percentage of the sucrose. This sugar can be found in products like beverages, baked goods, dairy, and granola.
81;Evaporated Cane Juice Syrup;Isagenix Isalean Bar Chocolate Cream Crisp Bar;https://www.isagenix.com/en-us/products/weight-loss/individual/isalean-bar;Evaporated cane juice is any sweetener derived from sugarcane syrup and can be found in chocolate protein bars. 
82;Evaporated Cane Sugar;Popcorners Sweet & Salty Kettle Corn Chips;https://www.popcorners.com/pop-corners/kettle-corn-pop-corners;Evaporated cane sugar is a dehydrated natural sweetener made from sugar cane. This sugar can be found in pasta, sauces, and yogurts.
83;Evaporated Cane Syrup;Smartmade White Wine Chicken And Couscous Frozen Meal;https://www.eatyourbest.com/smartmade/product/00025800000234;Evaporated cane juice is a completely natural sweetener made from sugar cane. This sugar can be found in cereal bars, cold-cut meats, and pizza crust.
84;Evaporated Coconut Palm Nectar;Rickaroons Chocolate Blonde Coconut Energy Bar;https://www.rickaroons.com/chocolate-blonde/;Evaporated coconut palm nectar is a produced from fresh sap after cutting flower buds of the coconut palm. This sugar can be found in chocolate blonde coconut energy bars.
85;Fair Trade Unrefined Cane Sugar;Tabl Pomegranate Ketchup;https://www.tabl.com/aphrodites/pomegranate-ket%C3%A7hup;Organic fair trade unrefined cane sugar are cane sugars that are a dark brown color and retain most or all of the original cane molasses. This sugar can be found in ketchup.
86;Fondant Sugar;Dan's Chocolates Classic Assorted Boxed Chocolate;https://www.danschocolates.com/ingredients;Fondant Sugar is up to 100 times finer than standard confectioners sugar. Fondant is typically used on wedding cakes, pastries, marshmallows, and candy.
87;Fructan;Barbara's Better Than Granola Dark Chocolate Cranberry Granola;http://shop.barbaras.com/Dark-Chocolate-Cranberry-Better-Granola/p/BAR-300152&c=BarbarasBakery@Cereals@Granola?displayType=FullSite#nutrition_display;A fructan is a polymer of fructose molecules normally with a sucrose unit. Fructans occur in foods such as agave, artichokes, asparagus, leeks, garlic, onions, yacón, jícama, and wheat.
88;Fructooligosaccharides;Harris Teeter Peanut Butter Chocolate Chip Protein Bar;http://grocery.harristeeter.com/pd/Harris-Teeter/Peanut-Butter-Chocolate-Chip-Protein-Bars/5-ct/072036715821/;Fructooligosaccharides are forms of oligosaccharides, a saccharide polymer, and come from natural sources. This sugar can be found in protein bars and baby formulas.
89;Fructose;Nature Valley Peanut Butter Dark Chocolate Protein Chewy Bar;https://www.naturevalley.com/product/gluten-free-protein-bars-peanut-butter-dark-chocolate/;Fructose, or fruit sugar, is a simple ketonic monosaccharide found in many plants, where it is often bonded to glucose to form the disaccharide sucrose. This sugar can be found in fruit juices, soft drinks, and protein bars.
90;Fructose Syrup;Toschi Candied Orange Peels In Syrup, Sweetened Fruit in Syrup;https://www.worldmarket.com/product/toschi+candied+orange+peels+in+syrup.do;A sweetener made from cornstarch. This sugar can be found in chocolate and other dessert items.
91;Fruit Juice Concentrate;Amande Cultured Almondmilk Plain Yogurt;http://www.amandeyogurt.com/flavors.html;Fruit juice concentrate is made by squeezing juice from fruit and removing a large percentage of the water, usually by heat. This sugar can be found in fruit flavored snacks like gummies.
92;Galactooligosaccharides;Pedialyte AdvancedCare Tropical Fruit Beverage;https://pedialyte.com/products/advanced-care/tropical-fruit;Galactooligosaccharides belong to the group of prebiotics. Prebiotics are defined as non-digestible food ingredients that beneficially affect the host by stimulating the growth and or activity of beneficial bacteria in the colon. This sugar can be found in infant formulas.
93;Glucose;Tim Hortons Lemon Blueberry Greek Yogurt Muffin;https://www.timhortons.com/us/en/pdf/Ingredient_Information_-_USA.pdf;Glucose is a simple sugar that is mainly made by plants and algae during photosynthesis from water and carbon dioxide, using energy from sunlight. This sugar can be found in fruit spreads.
94;Glucose Fructose Syrup;Lindt Blackberry with Acai Excellence Bar Chocolate;https://www.lindtusa.com/wcsstore/LindtCatalogAssetStore/Attachment/products/nutritional/nutritional-information-SKU-E000486.pdf;Glucose fructose syrup is a sweet liquid made of glucose and fructose. This sugar can be found in chocolate bars and frozen yogurt.
95;Glucose Solids;Tim Horton's Cinnamon Rolls;https://www.timhortons.com/us/en/pdf/Ingredient_Information_-_USA.pdf;Glucose solids are easy-to-digest simple carbohydrates, most often made from corn, rice, wheat, or potato starch. This sugar can be found in cinnamon roll frosting, pre-made pasta dishes, and cheesecake.
96;Glucose Syrup;Roland Balsamic Glaze With Balsamic Vinegar Of Modena;https://app.salsify.com/catalogs/8d479ec2-aefa-4432-80ef-858b9b084952/products/70430;Glucose syrup, also known as confectioners glucose, is a syrup made from the hydrolysis of starch. This sugar can be found in some balsamic vinegars, granola bars, and pre-made pasta dishes.
97;Glucose Syrup Solids;The Curious Creamery Vanilla Ice Cream Mix ;https://shop.thecuriouscreamery.com/vanilla-ice-cream-mix-6-pouch-pack/;Glucose syrup solids are easy-to-digest simple carbohydrates, most often made from corn, rice, wheat, or potato starch. This sugar can be found in hot cocoa mixes, vanilla ice cream mix, and chocolate candies.
98;Goji Berry Juice Concentrate;Hershey-Brookside Goji & Raspberry Dark chocolate;https://www.brooksidechocolate.com/en_us/products/goji-raspberry.html;Goji berry juice concentrate is made by squeezing juice from the goji berry and removing a large percentage of the water, usually by heat. This sugar can be found in juice blends and fruit flavored chocolate bars.
99;Golden Brown Sugar;Jackie's Cookie Connection Boysenberry Chocolate Chip Cookies;https://www.jackiescookieconnection.com/ingredients;Golden brown sugar is made by mixing white sugar and molasses. This sugar can be found in Jackie's Cookie Connection Boysenberry Chocolate Chip Cookies.
100;Golden Sugar;Heinz Honey Mustard Sauce;http://www.heinzfoodservice.ca/en/products-and-brands/dips/heinz/76001002;Golden sugar is made from pure cane sugar with the addition of molasses. This sugar can be found in some oatmeals, cookie mixes, and breads.
101;Golden Syrup;Lesley Stowe Raincoast Crisps Cookies;http://www.lesleystowe.com/product-line/raincoast-crisps/;Golden syrup or light treacle is an inverted sugar syrup made from the process of refining sugar cane or sugar beet juice into sugar, or by treatment of a sugar solution with acid. This sugar can be found in smoothie mixes, oat grahams, and some Crisps Fig and Crackers.
102;Granulated Sugar;Starbucks Ham & NY Cheddar Sandwich;https://www.starbucks.com/menu/food/sandwiches-panini-and-wraps/ham-ny-cheddar-sandwich?foodZone=9999;Granulated sugar or regular sugar is made either of beet sugar or cane sugar, which has undergone a refining process. This sugar can be found in some fruit and yogurt spreads, carbonated soft drinks, and milk/dark chocolate candies.
103;Grape Juice Concentrate;ON-Optimum Nutrition Whipped High-Protein Snack Bar;https://www.bodybuilding.com/store/optimum-nutrition/cake-bites.html?mcid=GGL_US_Products_Products_Optimum_Cake_Bites&bbkwid=298107199608&gclid=CjwKCAiAlfnUBRBQEiwAWpPA6fXnkkhv6hTgJk2UE-4Dt_V8aWEU_yqCT7eKhyl5BhH5dApvZ9VIDxoC_dQQAvD_BwE;Grape juice concentrate is made by squeezing juice from the grape and removing a large percentage of the water, usually by heat. This sugar can be found in fruit juices and Hi-Chew Grapefruit Sours.
104;Grape Sugar;Olbas Wellness Tea;http://www.olbas.com/olbas-remedies/olbas-herbal-tea/;Grape sugar is dextrose obtained from grapes. This sugar can be found in herbal teas and soft fruit snack cubes. 
105;Grapefruit Juice Concentrate;Veryfine Ruby Red Grapefruit Cocktail;http://veryfine.com/product/ruby-red-grapefruit/;Grapefruit juice concentrate is made by squeezing juice from the grapefruit and removing a large percentage of the water, usually by heat. This sugar can be found in grapefruit flavored water and juices.
106;High Fructose Corn Syrup;V8 Splash Berry Blend Beverage ;https://www.campbells.com/v8/v8-splash/berry-blend/;High-fructose corn syrup, also known as glucose-fructose, isoglucose and glucose-fructose syrup, is a sweetener made from corn starch. This sugar can be found in condiments, sodas, and bakery items.
107;High Maltose Corn Syrup Solids;The Blue Pacific Grill Mango Habanero Sauce;http://www.thebluepacificgrill.com/Nutritional%20ingredient%20guides%20for%20BPG.pdf;"High-maltose corn syrup is a food additive used as a sweetener and preservative. To be given the label ""high"", the syrup must contain at least 50% maltose. This sugar can be found in soups."
108;Honey;Cheerios Honey Nut Cheerios Cereal;http://www.cheerios.com/en/products/Honey%20Nut%20Cheerios.aspx;Honey is a sweet food substance produced by bees and some related insects. This sugar can be found in granola bars, breads, and dressings.
109;Honey Powder;TGI Friday's Honey BBQ Chicken Wings;http://www.fridaysinyourfreezer.com/Products/Chicken%20Wings%20Honey%20BBQ%209%20OZ;Honey powder can be used as a sweetener or flavoring. In powder form it is usable for dry rubs, cake, cookies, or bread mixes.
110;Honeydew Juice Concentrate;Tazo Green Tea Matcha Latte;https://www.tazo.com/green-tea/green-tea-matcha-latte;Honeydew juice concentrate is made by squeezing juice from the honeydew and removing a large percentage of the water, usually by heat. This sugar can be found in TGI Fridays Honey BBQ Chicken Wings.
111;Icing Sugar;Trader Joe's Peaches & Cream Tarte Fruit Pie;https://www.traderjoes.com/digin/post/peaches--cream-tarte;Icing sugar is finely ground sugar produced by milling granulated sugar into a powdered state. This sugar can be found in baked goods and yogurt spreads.
112;Invert Cane Sugar;Immaculate Honestly Delicious Gluten Free Chocolate Chunk Cookie Dough;https://www.immaculatebaking.com/product/gluten-free-chocolate-chunk-cookie-dough/;Inverted cane sugar is an edible mixture of two simple sugars—glucose and fructose—that is made by heating cane sugar with water. This sugar can be found in baked goods and sodas.
113;Invert Cane Syrup;Angie's Boomchickapop Salted Caramel Popcorn;https://boomchickapop.com/our-products/;Invert cane syrup is an edible mixture of two simple sugars—glucose and fructose—that is made by heating sucrose with water. This sugar can be found in many granola bars.
114;Invert Sugar;Pringles Sour Cream & Onion Potato Crisps Chips;http://smartlabel.kelloggs.com/Product/Index/00038000138430;Invert sugar is produced when crystalized sugar is broken down into fructose and glucose. This sugar can be found in granola bars and snack chips.
115;Invert Sugar Cane Syrup;Boni Selection Bio Gingerbread Sliced;https://www.mangebelge.com/en/biscuits-gaufres/315-boni-selection-bio-gingerbread-sliced-300-gr-5400141104424.html;Invert sugar cane syrup is an edible mixture of two simple sugars—glucose and fructose—that is made by heating sugar cane with water. This sugar can be found in Boni Selection BIO gingerbread sliced 300 gr. 
116;Invert Sugar Syrup;Zoozilo Cannabis Infused Rainbow Sour Roll Belts Candy;https://www.zoozilo.com/shop/cannabis-infused-rainbow-sour-roll-belts/;Invert sugar syrup is an edible mixture of two simple sugars—glucose and fructose—that is made by heating sucrose with water. Foods that contain it retain moisture and crystallize less easily. This sugar can be found in sour candies.
117;Invert Syrup;Chuckanut Cheesecake Company Fruit Cake;https://nutritiondatalist.com/product/fruit-cake-upc-603812580601;Invert syrup is an edible mixture of two simple sugars—glucose and fructose—that is made by heating sucrose (table sugar) with water. This sugar can be found in fruit cake.
118;Isomalto-Oligosaccharide;Em-Power Bars Peanut Butter Paradise Bars;http://em-powerbars.com/nutrition-facts/;Isomalto-oligosaccharide is a mixture of short-chain carbohydrates which has a digestion-resistant property. IMO is found naturally in some foods, as well as being manufactured commercially. This sugar can be found in protein bars.
119;Key Lime Juice Concentrate;Dannon Yocream Key Lime Nonfat Non-Dairy Sorbet;https://www.chillzonenm.com/Flavor%20info/Key%20Lime%20Sorbet.pdf;Key Lime Juice Concentrate is made by squeezing juice from the key lime and removing a large percentage of the water, usually by heat. This sugar can be found in key lime flavored yogurts.
120;Kiwi Juice Concentrate;Snapple Kiwi Strawberry Beverage;https://www.snapple.com/products/snapple-kiwi-strawberry-juice;Kiwi Juice Concentrate is made by squeezing juice from the kiwi and removing a large percentage of the water, usually by heat. This sugar can be found in some sports drinks.
121;Lactose;Turkey Creek Snacks Salt and Vinegar Tender Craklings Snack;https://www.turkeycreeksnacks.com/tender_cracklins_sv.php;"Lactose is a disaccharide; a sugar composed of galactose and glucose. This sugar can be found in chocolate, candy, and potato chips."
122;Lemon Juice Concentrate;Target Squeezable Mayonnaise;https://www.target.com/p/mayonnaise-squeeze-bottle-22oz-market-pantry-153/-/A-13007248;Lemon Juice Concentrate is made by squeezing juice from the lemon and removing a large percentage of the water, usually by heat. This sugar can be found in cocktail sauce, salad dressings, and various condiments.
123;Light Brown Cane Sugar;True Made Foods Pitmaster Low Sugar BBQ Sauce - Kansas City Style (Original);https://www.truemadefoods.com/shop/sauces/pitmaster-bbq-sauce-original;Light brown cane sugar is extracted from the sugarcane plant and not refined, sometimes in the form of cane juice, this raw form of sugar still retains some of the molasses and moisture from the plant. This sugar can be found in BBQ sauce.
124;Light Brown Sugar;Oatmega Peanut Butter Cookie;http://shop.oatmega.com/Peanut-Butter/p/OAT-020202&c=Oatmega@Cookies#;Brown sugar is a sucrose sugar product with brown color due to the presence of molasses. This sugar can be found in some syrups.
125;Liquid Sugar;Wegmans Pink Grapefruit Sorbet Frozen Dessert;https://www.wegmans.com/products/frozen-foods/ice-cream-and-frozen-yogurt/ice-cream/pink-grapefruit-sorbet.html;Liquid sugar is crystalized sugar that has been dissolved in water. This sugar can be found in ice cream.
126;Loganberry Juice Concentrate;Crystal Beach Amusement Park Original Loganberry Drink 2 Liters;https://www.walmart.com/ip/Crystal-Beach-Amusement-Park-Original-Loganberry-Drink-2-Liters/37321725;Loganberry Juice Concentrate is made by squeezing juice from the loganberry and removing a large percentage of the water, usually by heat. This sugar can be found in Crystal Beach Amusement Park Original Loganberry Drink.
127;Malt Extract;Fiber One Oats & Chocolate Chewy Bars;https://www.fiberone.com/products/bars/oats-chocolate;Malt extract is a sweet, sticky substance obtained from an infusion of malt and water. This sugar can be found in bread, cereal, and trail mix bars.
128;Malt Syrup;Fiber One Honey Clusters Cereal;https://www.fiberone.com/products/cereals/honey-clusters;Malt syrup is an unrefined sweetener processed by extraction from malt or barley. This sugar can be found in granola, crackers, and pretzels.
129;Maltodextrin;Nissin Chicken Flavor Cup Noodles;http://nissinfoods.com/products/cup-noodles;Dextrin containing maltose that is used as a food additive. This sugar can be found in drink mixes, mac and cheese mixes, and soups. 
130;Maltol;Mccormick Culinary Lemon 'N Herb Seasoning;http://www.mccormickforchefs.com/products/mccormick-culinary/lemon-n-herb-seasoning;Maltol is a white crystalline powder that is primarily used as a flavor enhancer, found in the bark of larch tree, pine needles, and roasted malt. This sugar can be found in seasoning powder.
131;Maltose;A-Sha Original Flavor Seaweed Snack;http://www.ashaseaweedsnacks.com/the-original-2/;Maltose, also known as maltobiose or malt sugar, is a disaccharide formed from two units of glucose. This sugar can be found in cinnamon rolls. 
132;Mango Juice Concentrate;Bai Antioxidant Infusion Malawi Mango Flavored Water;http://www.drinkbai.com/products/malawi-mango;Mango juice concentrate is made by squeezing juice from the mango and removing a large percentage of the water, usually by heat. This sugar can be found in apple juice.
133;Maple Sugar;Base Culture's Paleo Gingerbread Almond Butter;https://baseculture.com/collections/almond-butters/products/almond-butter-gingerbread?variant=42899641480;Maple sugar is what remains after the sap of the sugar maple is boiled for a long time. This sugar can be found in pork sausages.
134;Maple Syrup;Nature Valley Maple Brown Sugar Big And Crunchy Granola;https://www.naturevalley.com/product/maple-brown-sugar-granola-crunch/;Maple syrup is a syrup usually made from the xylem sap of sugar maple or from other maple species. This sugar can be found in pancake syrup, cold cut meats, and granola bars.
135;Melon Juice Concentrate;Kanro Gift Pack Of Pure Gummy Featuring The Juice Of Hokkaido-Grown Melons;https://www.kanro.co.jp/en/product/detail/id=684;Melon juice concentrate is made by squeezing juice from the melon and removing a large percentage of the water, usually by heat. This sugar can be found in Japanese Gummies.
136;Milled Cane Sugar;Starbucks Fresh Blueberries And Honey Greek Yogurt Parfait Dessert;https://www.starbucks.com/menu/food/yogurt-and-fruit/fresh-blueberries-and-honey-greek-yogurt-parfait?foodZone=9999;Milled sugar uses the sugar crystals from the first milled juice of sugar cane plants. This sugar can be found in granola cereals.
137;Molasses;Smartmade Rosemary Grilled Beef And Vegetables;https://www.eatyourbest.com/smartmade/product/00025800000326;Molasses is the thick, brown syrup left after the sugar has been removed from sugar cane or beets. This sugar can be found in BBQ sauce, peanut butter, and yogurt.
138;Molasses Granules;Darcy’S Delish Old Fashioned Chocolate Chip Cookie;http://amongfriendsbakingmixes.com/darcys-delish-old-fashioned-chocolate-chip-cookie-mix/;Minimally processed and maintains many of the natural vitamins and minerals found in sugar cane. This sugar can be found in Darcy's Delish Old Fashioned Chocolate Chip Cookie Mix.
139;Molasses Powder;Tim Hortons Maple Cinnamon French Toast Bagel;https://www.timhortons.com/us/en/pdf/Ingredient_Information_-_USA.pdf;Molasses is the dark, sweet syrup created in the sugar cane extraction process. This sugar can be found in baking mixes and pizza crust.
140;Monk Fruit Juice Concentrate;Fairlife Chocolate With Dha Ultra Filtered Milk;https://fairlife.com/ultra-filtered-milks/fairlife-chocolate-with-dha/;Monk fruit juice concentrate is made by squeezing juice from the monk fruit and removing a large percentage of the water, usually by heat. This sugar can be found in Fairlife's DHA chocolate milk.
141;Monk Juice Concentrate;Fairlife Yup! Very Strawberry Low-Fat Milk;https://fairlife.com/yup/yup-very-strawberry/;Monk juice concentrate is made by squeezing juice from the monk fruit and removing a large percentage of the water, usually by heat. This sugar can be found in low-fat strawberry milk.
142;Muscovado;Chinese Doughnuts Muscovado Sugar Flavor Mi Ma Hua;https://www.amazon.com/OUZ123-Chinese-Doughnuts-Muscovado-Flavor/dp/B07LF1CLL8/ref=sr_1_78?keywords=Muscovado&qid=1551822889&s=gateway&sr=8-78&th=1;Muscovado is a type of partially refined to unrefined sugar with a strong molasses content and flavor. This sugar can be found in muscovado sugar flavored CHinese Doughnuts.
143;Non Gmo Honey;Barbara's Dark Chocolate Cranberry Granola;http://shop.barbaras.com/Dark-Chocolate-Cranberry-Better-Granola/p/BAR-300152&c=BarbarasBakery@Cereals@Granola#;Non-GMO honey is honey in its natural state as it has been produced from the nectar of plants and is never exposed to artificial manipulation. This sugar can be found in dark chocolate cranberry granola.
144;Oat Syrup Solids;Back To Nature Apple Cinnamon Granola Clusters;http://www.backtonaturefoods.com/what-we-make/granola/granola-clusters/apple-cinnamon-granola-clusters/;Organic oat syrup solids are a high-solids concentrate from the natural sugaring process of oats and water. This sugar can be found in apple cinnamon granola clusters.
145;Orange Juice Concentrate;Bai Antioxidant Infusion Costa Rica Clementine Flavored Water;http://www.drinkbai.com/products/costa-rica-clementine;Orange juice concentrate is made by squeezing juice from the orange and removing a large percentage of the water, usually by heat. This sugar can be found in steak sauce, some baby foods, and juices. 
146;Organic Agave Nectar;The Gluten Free Bar Oatmeal Raisin Bars;https://theglutenfreebar.com/products/the-gfb-oatmeal-raisin-protein-bars-case-of-12?variant=395090025&gclid=CjwKCAiAlfnUBRBQEiwAWpPA6eSX81HgJqEWFSyJ5d6t0PSc7RjAZ14IcI78DRhdrw_62RljBMHIEBoCNZgQAvD_BwE;To produce agave nectar from the agave plant, juice is extracted from the core of the agave, filtered, and then heated to make simple sugars. This sugar can be found in gluten free oatmeal raisin bars.
147;Organic Agave Syrup;Nugo Organic Dark Chocolate Pomegranate Nutrition Bar;https://store.nugonutrition.com/nugo-organic-dark-chocolate-pomegranate;Organic agave syrup is a sweetener commercially produced from several species of agave, including agave tequilana and agave salmiana. This sugar can be found in multigrain cereals.
148;Organic Apple Juice Concentrate;Barbara's Honest Os Honey Nut Cereal;http://barbaras.com/products/barbaras-classics/honest-os-honey-nut/;Apple juice concentrate is made by squeezing juice from the apple and removing a large percentage of the water, usually by heat. This sugar can be found in juice and granola.
149;Organic Barley Malt Syrup;Wegmans Organic Food You Feel Good About Coconut & Baobab Granola;https://www.wegmans.com/products/grocery-food/breakfast/granola/granola-organic-coconut-baobab.html;Barley malt syrup is an unrefined sweetener processed by extraction from malt or barley. This sugar can be found in some granolas.
150;Organic Blueberry Juice Concentrate;Nature's Bakery Blueberry Organic Honey & Oat Bars;https://www.naturesbakery.com/shop-snacks/organic-honey-oat-bars/organic-honey-oat-bars-blueberry-6-pack;Blueberry juice concentrate is made by squeezing juice from the blueberry and removing a large percentage of the water, usually by heat. This sugar can be found in Nature's Bakery blueberry organic honey & oat bars.
151;Organic Brown Rice Syrup;Clif Bar Builder's Chocolate Peanut Butter Flavor Protein Bar;https://www.clifbar.com/products/clif/builder-s/builders-chocolate-peanut-butter;Organic brown rice syrup is a sweetener that is made by cooking whole-grain rice, then using enzymes to break down the starch into the different sugars. This sugar can be found in chocolate peanut butter Clif bars.
152;Organic Brown Sugar;Annie's Organic Brown Sugar Cinnamon Toaster Pastries Cookie;https://www.annies.com/products/cereal/organic-brown-sugar-cinnamon-toaster-pastries;Brown sugar is a sucrose sugar product with brown color due to the presence of molasses. This sugar can be found in Annie's Organic Brown Sugar Cinnamon Toaster Pastries Cookie.
153;Organic Cane Crystals;Flying Bird Botanicals Cacao;https://www.flyingbirdbotanicals.com/collections/organic-cacao/products/cacao-especial;Cane crystals are not common and are produced by one sugar company, Florida Crystals, that makes organic cane juice. They invented the name and this sugar is found in cacao. 
154;Organic Cane Sugar;365 Everyday Value Organic Whole Wheat Pancakes;https://www.wholefoodsmarket.com/products/365-everyday-value-organic-whole-wheat-pancakes;Cane sugar is extracted from the sugarcane plant and not refined, sometimes in the form of cane juice. This sugar can be found in some organic herbal teas and instant granolas.
155;Organic Cane Syrup;Clif Bar Caramel Toffee With Sea Salt Flavor Energy Bar;https://www.clifbar.com/products/clif/clif-bar/caramel-toffee-with-sea-salt;Organic cane syrup is a traditional American sweetener made by the simple concentration of cane juice through long cooking in open kettles. This sugar can be found in some chocolate chip energy bars.
156;Organic Cherry Juice Concentrate;Clif Bar Fruit Smoothie Filled Tart Cherry Berry Energy Bar;https://www.clifbar.com/products/clif/fruit-smoothie-filled/tart-cherry-berry;Organic cherry juice concentrate is made by squeezing juice from the cherry and removing a large percentage of the water, usually by heat. This sugar can be found in organic apple juice.
157;Organic Coconut Blossom Nectar;Simple Truth Organic Coconut Aminos All Purpose Seasoning Sauce;https://www.simpletruth.com/products/coconut-aminos-all-purpose-seasoning-sauce/;Coconut blossom nectar is sap of the coconut palm. This sugar can be found in Simple Truth Organic coconut Aminos All Purpose Seasoning Sauce.
158;Organic Coconut Nectar;Rise Bar Lemon Cashew Protein Bar;https://risebar.com/collections/plant-protein-bars/products/lemon-cashew-protein-bars;Coconut nectar is made when the coconut tree is tapped and produces a nutrient-rich sap. This sugar can be found in Rise Bar Lemon Cashew Protein Bars.
159;Organic Coconut Palm Nectar;Papa Steve's Apple Cinnamon Pecan Protien Bar;https://papasteves.com/products/apple-cinnamon-pecan-raw-protein-bar;Coconut palm nectar comes from sap produced from tapping the stalks or stems of flowering coconut blossoms. This sugar can be found in Papa Steve's Apple Cinnamon Pecan Protein Bar.
160;Organic Coconut Palm Sugar;Mr. Dewie's Caramel Almond Crunch Ice Cream;https://www.mrdewies.com/menu/;Coconut palm sugar is produced from the sap of the flower bud stem of the coconut palm. This sugar can be found in Mr. Dewie's Caramel Almond Crunch Ice Cream.
161;Organic Coconut Sugar;Purely Elizabeth Original Ancient Grain Granola;https://purelyelizabeth.com/product/original-ancient-grain-granola/;Coconut sugar is the dehydrated sap of the coconut palm. This sugar can be found in Purely Elizabeth Original Ancient Grain Granola.
162;Organic Coconut Syrup (iii);Grandyoats Organic Gluten Free Coconut + Fruit Granola;https://www.grandyoats.com/products/gluten-free-coconut-fruit-granola;Organic coconut syrup is a low-glycemic, organic sweetener crafted in small artisan batches from coconut flower blossom nectar. This sugar can be found in Grandy Oats Organic Gluten Free Coconut + Fruit Granola.
163;Organic Corn Syrup Solids;Newman's Own Organic Peppermint Mints;https://www.newmansown.com/foods/peppermint-mint/;Corn syrup solids are made from concentrating corn syrup, a liquid sweetener made from corn. This sugar can be found in Newman's Own Organic Peppermint Mints.
164;Organic Date Nectar;Rebel Kitchen Mylk Organic Coconut Milk Drink with Coffee;https://rebel-kitchen.com/products/big-rebels/;Date nectar is a whole food sweetener that is another name for date syrup and is made from 100% dates. This sugar can be found in Rebel Kitchen Mylk Organic Coconut Milk Drink with Coffee.
165;Organic Date Sugar;Dr. Fuhrman Matozest Salt-Free Seasoning;https://www.drfuhrman.com/shop/products/40/matozest-salt-free-seasoning;Organic date sugar is made with dehydrated dates that are ground to resemble granulated sugar. This sugar can be found in Organic MatoZest Salt-free Seasoning.
166;Organic Date Syrup;Date Lady Chocolate Spread;https://ilovedatelady.com/products/chocolate-spread;Date syrup is a thick, dark brown fruit syrup extracted from dates, also known as date nectar. This sugar can be found in Date Lady's chocolate spread.
167;Organic Dextrose;Spun Paradise Watermelon Organic Cotton Candy;https://www.spunparadise.com/organic/organic-watermelon;Organic dextrose is a sweetener that is derived from genetically engineered corn and has a complicated manufacturing process. This sugar can be found in watermelon cotton candy.
168;Organic Dried Cane Sugar;Nature's Bakery Blueberry Organic Honey & Oat Bars;https://naturesbakery.com/snack-products/organic-honey-oat-bars-blueberry;Dried cane sugar is a dehydrated natural sweetener made from sugar cane. This sugar can be found in Nature's Bakery Blueberry Organic Honey & Oat Bars.
169;Organic Dried Cane Syrup;Clif Bar Builder's Chocolate Mint Protein Bar;https://www.clifbar.com/products/clif/builder-s/chocolate-mint;Organic dried cane syrup is a less processed variety of the crystalline sucrose most often used as an additive to foods to sweeten or add texture. This sugar can be found in cereal bars and dairy free coconut milk.
170;Organic Dried Cherry Juice Concentrate;Clif Bar Fruit Smoothie Filled Tart Cherry Berry Energy Bar;https://www.clifbar.com/products/clif/fruit-smoothie-filled/tart-cherry-berry;Cherry juice is a fruit juice consisting of the juice of cherries. It is then dried and concentrated, removing a large percentage of the water, usually by heat. This sugar can be found in Smoothie Filled Tart Cherry Berry Energy Clif bars. 
171;Organic Dried Cranberry Juice Concentrate;Clif Bar Tart Cherry Berry Fruit Smoothie Filled Energy Bar;https://www.theclymb.com/Product.aspx?l=00190077008700000000&p=CLF01344;Cranberry juice is a fruit juice consisting of the juice of cranberries. It is then dried and concentrated, removing a large percentage of the water, usually by heat. This sugar can be found in energy bars.
172;Organic Evaporated Cane Juice;Late July Dark Chocolate Covered Peppermint Sandwich Cookie;https://www.wholefoodsmarket.com/products/dark-chocolate-covered-peppermint-sandwich-cookie;Organic evaporated cane juice is a relatively unrefined sweetener made from the stalks of the sugar cane plant. This sugar is found in cherry pies, curry powder, and granola. 
173;Organic Evaporated Cane Juice Syrup;Whole Foods Market Dark Chocolate Covered Peppermint Sandwich Cookie;https://www.wholefoodsmarket.com/products/dark-chocolate-covered-peppermint-sandwich-cookie;Organic evaporated cane juice syrup is a completely natural sweetener made from extracting the liquid from sugar cane. This sugar can be found in crackers.
174;Organic Evaporated Coconut Palm Nectar;Rickaroons Chocolate Blonde Coconut Energy Bar;https://www.rickaroons.com/chocolate-blonde/;Evaporated coconut palm nectar is a produced from fresh sap after cutting flower buds of the coconut palm. This sugar is found in energy bars and cashew-chocolate snacks.
175;Organic Fair Trade Unrefined Cane Sugar;Organic Valley Grassmilk Vanilla Yogurt;https://www.organicvalley.coop/products/grassmilk-yogurt/grassmilk-yogurt-24-oz/vanilla-grassmilk-yogurt-24-oz/;Organic fair trade unrefined cane sugar are cane sugars that are a dark brown color and retain most or all of the original cane molasses. This sugar can be found in eggnog, soy, and milk.
176;Organic Fruit Juice Concentrate;Brat Hans Organic Apple Chicken Sausage;https://www.theoriginalbrathans.com/?category=Organic&product=Organic+Apple+Chicken+Sausage;Orange fruit juice concentrate is made by squeezing juice from fruit and removing a large percentage of the water, usually by heat. This sugar can be found in sausages and cereals.
177;Organic Glucose Syrup;Clif Bar Blueberry Crisp Energy Bar;https://www.clifbar.com/products/clif/clif-bar/blueberry-crisp;Organic glucose syrup is produced by enzymatic decomposition from starch. It is also referred to as rice syrup, corn syrup, or wheat syrup. This sugar is found in energy bars and chocolate.
178;Organic Grape Juice Concentrate;Wholesome Surf Sweets Organic Watermelon Ring Candy;http://shop.wholesomesweet.com/Surf-Sweets-Organic-Watermelon-Rings/p/WHSM-001537&c=Wholesome@Candy@SurfSweets;Grape juice concentrate is made by squeezing juice from the grape and removing a large percentage of the water, usually by heat. This sugar is found in various types of energy snacks.
179;Organic Honey;Nature Path Love Crunch Dark Chocolate Macaroon Granola Bars;https://www.naturespath.com/en-us/products/love-crunch/dark-chocolate-macaroon-granola-bars/;Honey is a substance produced by bees and some related insects. Bees produce honey from the sugary secretions of plants or from secretions of other insects. This sugar can be found in chocolate, bars, and supplements.
180;Organic Invert Cane Sugar;Blue Sky Organic Ginger Ale Soda;http://www.blueskysoda.com/sodas;Inverted cane sugar is a mixture of two simple sugars—glucose and fructose—that is made by heating cane sugar with water. This sugar can be found in chia seeds, cookies, and coconut milk.
181;Organic Invert Cane Syrup;Nature Path Love Crunch Dark Chocolate Macaroon Granola Bars;https://www.naturespath.com/en-us/products/love-crunch/dark-chocolate-macaroon-granola-bars/;Organic invert cane syrup is a mixture of two simple sugars—glucose and fructose—that is made by heating sucrose with water. This sugar is found in crackers and cookies.
182;Organic Invert Sugar;Wholesome Organic Vanilla Frosting;http://shop.wholesomesweet.com/Organic-Vanilla-Frosting/p/WHSM-801335&c=Wholesome@Frosting;Invert sugar is produced when crystalized sugar (sucrose) is broken down into varying ratios of fructose and glucose. This sugar can be found in cookies and various snacks.
183;Organic Invert Sugar Cane Syrup;Wholesome Organic Chocolate Frosting;http://shop.wholesomesweet.com/Organic-Chocolate-Frosting/p/WHSM-801311&c=Wholesome@Frosting;Organic invert sugar cane syrup is an edible mixture of two simple sugars—glucose and fructose—that is made by heating sucrose with water. This sugar can be found in pancake syrups and frosting.
184;Organic Invert Sugar Syrup;Clif Bar Blueberry Crisp Energy Bar;https://shop.clifbar.com/CLIF-Bar-Blueberry-Crisp/p/CLIF-102607&c=ClifBar@ClifBar@Bars;Organic invert sugar syrup is a mixture of two simple sugars—glucose and fructose—that is made by heating sucrose with water. This sugar is found in energy bars and cookies.
185;Organic Invert Syrup;Newman's Own Chocolate Newman-O's Cookies;https://www.newmansown.com/foods/chocolate-newman-os/;Organic invert syrup is a mixture of two simple sugars—glucose and fructose—that is made by heating sucrose with water. This sugar can be found in cookies and crackers.
186;Organic Lactose;Luck's Organic Cheddar Clouds White Cheddar Cheese Puffs Snacks;https://www.lukesorganic.com/cl-cheddar-clouds;"Organic lactose is a disaccharide; a sugar composed of galactose and glucose. Organic lactose can be found in milk and infant formula. "
187;Organic Lemon Juice Concentrate;Harris Teeter HT Organics Ranch Dressing;http://grocery.harristeeter.com/pd/HT-Organics/Ranch-Dressing/12-fl-oz/072036718228/  ;Lemon juice concentrate is made by squeezing juice from the lemon and removing a large percentage of the water, usually by heat. THis sugar can be found in ranch dressings.
188;Organic Light Brown Sugar;Jackie's Cookie Connection Gluten-Free / Vegan Chocolate Chocolate Chip Cookies;https://www.jackiescookieconnection.com/ingredients;Brown sugar is a sucrose sugar product with brown color due to the presence of molasses. This sugar is found in sunflower butter and cookies.
189;Organic Maltodextrin;GimMe Snacks Organic Roasted Seaweed Snacks;https://gimmesnacks.com/products/roasted-teriyaki;Maltodextrin is a polysaccharide that is used as a food additive and is produced from starch by partial hydrolysis. This sugar can be found in turmeric supplements and seaweed snacks.
190;Organic Maple Syrup;Bakery On Main Organic Happy Granola Sprouted Maple Quinoa Granola;https://bakeryonmain.com/shop/organic-happy-granola-sprouted-maple-quinoa/;Maple syrup is a syrup usually made from the xylem sap of sugar maple or other forms of maple species. This sugar can be found in applesauce, fruit drinks, and vinegar.
191;Organic Milled Cane Sugar;Wegmans Organic Food You Feel Good About Coconut & Baobab Granola;https://www.wegmans.com/products/grocery-food/breakfast/granola/granola-organic-coconut-baobab.html;Milled sugar uses sugar crystals from the first milled juice of sugar cane plants. This sugar can be found in certain granolas and raisin bran. 
192;Organic Molasses;Woodstock Hickory Organic BBQ Sauce;https://www.woodstock-foods.com/the-goods/organic-bbq-sauce-hickory;Molasses is the thick, brown syrup left after the sugar has been removed from the juice of sugar cane or beets. This sugar can be found in ginger ale, sauces, and granola.
193;Organic Molasses Granules;St. Claire's Organic Ginger Pastilles Candy;https://www.azurestandard.com/shop/product/food/sweets-candies/mints/ginger/ginger-pastilles-organic/9632?package=SC058;Organic molasses granules are a dark, sweet, grainy sugar made when the syrup of sugar cane is crystalized. This sugar can be found in various candies.
194;Organic Non-Gmo Honey;Pamela Mini Honey Grahams Crackers;http://www.pamelasproducts.com/products/graham-crackers-gluten-free/mini-honey-grahams-gluten-free/;Non-GMO honey is honey in its natural state as it has been produced from the nectar of plants, and it is never exposed to artificial manipulation. This sugar can be found in graham crackers.
195;Organic Panela Sugar;Cre8ive Spice Chai Latte Spice;https://cre8ivecoffee.com.au/product/cosecha-organic-chai/;Panela is unrefined whole cane sugar which is a solid form of sucrose derived from the boiling and evaporation of sugarcane juice. This sugar is found in chai latte spices. 
196;Organic Pineapple Juice Concentrate;Woodstock Hickory Organic BBQ Sauce;https://www.woodstock-foods.com/the-goods/organic-bbq-sauce-hickory;Pineapple juice concentrate is made by squeezing juice from the pineapple and removing a large percentage of the water, usually by heat. This sugar is found in coconut water, fruit bars, and baby food.
197;Organic Powdered Sugar;Unreal Dark Chocolate Peanut Butter Cups ;https://shop.getunreal.com/Dark-Chocolate-Peanut-Butter-Cups/p/UNR-005158&c=UnReal@Cups;Powdered sugar, also called confectioners' sugar, is a finely ground sugar produced by milling granulated sugar into a powdered state. This sugar can be found in frosting, cupcakes, and ice creams.
198;Organic Raisin Juice Concentrate;Cascadian Farm Organic Sweet & Salty Peanut Pretzel Chewy Granola Bars;https://www.cascadianfarm.com/product/sweet-salty-peanut-pretzel-chewy-granola-bar/;Raisin juice concentrate is made by obtaining juice from the raisin and removing a large percentage of the water, usually by heat. This sugar is found in certain breads such as crusts and rolls.
199;Organic Raw Dark Agave Syrup;Mountain Muesli American Muesl Cherry Almond Granola;https://www.mountainmuesli.com/cereal-1/cherry-almond;Agave syrup is a sweetener extracted from the core of the agave, a cactus-like plant native to Mexico. Raw usually means organic or uncooked and can be found in some granolas.
200;Organic Raw Honey;Bliss Hazelnut Butter;http://www.blissnutbutters.com/product/hazelnut-butter-bliss/;Raw honey is the natural honey bees produce directly in a hive without additional processing or filtration. This sugar can be found in chocolate and hazelnut butter.
201;Organic Rice Maltodextrin;Nature's One Pedia Smart Complete Nutrition For Kids 1 To 13 Years Vanilla Drink;https://naturesone.zendesk.com/hc/en-us/articles/201462216-PediaSmart-Dairy-Ingredients-Quality;Maltodextrin is a hygroscopic powder that is generally creamy white in color. The partial hydrolysis of starch results in the creation of the rice maltodextrin and can be found in certain drinks for children.
202;Organic Rice Syrup;Field Day Organic Cinnamon Flax Granola;https://www.fielddayproducts.com/product/organic-cinnamon-flax-granola-4256360373;Rice syrup is derived from cultured cooked rice starch with saccharifying enzymes to break down the starches, followed by straining of the liquid and reducing it by evaporative heating. This sugar can be found in certain granolas.
203;Organic Rice Syrup Solids;Annie's Organic Gluten Free Vegan Mac Instant Mac And Cheese;https://www.annies.com/products/pastas/organic-gluten-free-vegan-elbows-creamy-sauce;Organic rice syrup solids are made from non-GMO rice. Organic rice syrup solids are processed by agglomeration, which increases particle size and lowers bulk density. This sugar can be found in rice and mac and cheese.
204;Organic Strawberry Juice Concentrate;Stonyfield Organic Kids Milk Tubes Strawberry Banana Yogurt;https://www.stonyfield.com/products/baby-kids/kids/tubes-whole-milk-strawberry-banana;Strawberry juice concentrate is made by squeezing juice from the strawberry and removing a large percentage of the water, usually by heat. This sugar is found in fruit snacks and smoothies.
205;Organic Sugar;Wholesome Organic Vanilla Frosting;http://shop.wholesomesweet.com/Organic-Vanilla-Frosting/p/WHSM-801335&c=Wholesome@Frosting;Sugar is the generic name for sweet-tasting, soluble carbohydrates. This sugar is found in ketchup, sauces, and yoghurt. 
206;Organic Sugar Cane Syrup;Andean Dream Quinoa Coconut Cookies;http://www.andeandream.com/quinoa-cookies.html;Organic sugar cane syrup is made by evaporating sugar cane juice. During the boiling process, baking soda and lemon juice are also added to the juice. This sugar can be found in pita bread, soups, and cookies. 
207;Organic Tapioca Maltodextrin;Wholesome Organic Fruit Chews Candy;http://shop.wholesomesweet.com/Wholesome-Organic-Fruit-Chews/p/WHSM-531423&c=Wholesome@Candy;Tapioca maltodextrin is a dextrose made from tapioca. Tapioca is starchy ingredient that is processed from dried cassava roots. This sugar is found in protein cakes, rice cakes, and mac and cheese. 
208;Organic Tapioca Syrup;Annie's Sunny Citrus Organic Bunny Fruit Snacks;https://www.annies.com/products/snacks/sour-bunnies-fruit-snacks;Tapioca syrup is produced from tapioca starch using a natural fermentation process. This sugar is found in protein bars and dressings.
209;Organic Tapioca Syrup Solids;Annie's Sunny Citrus Organic Bunny Fruit Snacks;https://www.annies.com/products/snacks/sunny-citrus-organic-bunny-fruit-snacks;Tapioca syrup solids are slightly sweet, white or off-white colored powder that are often used for bulking. This sugar can be found in chips and fruit snacks. 
210;Organic White Grape Juice Concentrate;Sahale Snacks Honey Almonds Glazed fruit and nut mix ;https://www.sahalesnacks.com/products/honey-almonds-glazed-mix;White grape juice concentrate is made by squeezing juice from the white grape and removing a large percentage of the water, usually by heat. This sugar can be found in juices and fruit flavored snacks.
211;Palm Sugar;Abc Sweet Soy Sauce;https://www.woolworths.com.au/shop/productdetails/720977/abc-sweet-soy-sauce;Palm sugar is a sweetener that is made from the sap present in the flower buds of the coconut palm tree. This sugar can be found in noodles and rice.
212;Passion Fruit Juice Concentrate;Hawaii's Own Pineapple Starfuit Frozen Juice Concentrate;http://www.hawaiisown.com/site/products/pineapple-starfruit/;Passion fruit juice concentrate is made by squeezing juice from the passion fruit and removing a large percentage of the water, usually by heat. This sugar is found in juices and yoghurts. 
213;Peach Juice Concentrate;Bai Antioxidant Infusion Panama Peach Flavored Water;https://www.drinkbai.com/products/panama-peach;Peach juice concentrate is made by squeezing juice from the peach and removing a large percentage of the water, usually by heat. This sugar can be found in juices and peach cobblers.
214;Pear Juice Concentrate;Kashi Ripe Strawberry Breakfast Bars;https://www.kashi.com/our-foods/bars/kashi-cereal-bars-ripe-strawberry;Pear juice concentrate is made by squeezing juice from the pear and removing a large percentage of the water, usually by heat. This sugar can be found in juices, smoothies, and jelly beans.
215;Pear Syrup (iv);Dannon Yocream Key Lime Nonfat Non-Dairy Sorbet;https://www.chillzonenm.com/Flavor%20info/Key%20Lime%20Sorbet.pdf;Pear syrup has been mislabeled as an ingredient by food makers. According to the FDA rules, it should have been labeled instead as: “Pear, water, sugar”. This sugar can be found in sorbets.
216;Pineapple Juice Concentrate;Cookies Signature Sweet Hickory BBQ Sauce;https://www.cookiesbbq.com/products/sweet-hickory-bbq-sauce/;Pineapple juice concentrate is made by squeezing juice from the pineapple and removing a large percentage of the water, usually by heat. This sugar is found in tea, juices, and smoothies. 
217;Pineapple Syrup (v);Kellogg Special K Dark Chocolate Pomegranate Chewy Snack Bar;http://www.specialk.com/en_US/products/special-k-snack-bars-dark-chocolate-pomegranet-product.html;Pineapple syrup has been mislabeled as an ingredient by food makers. According to the FDA rules, it should have been labeled instead as: “Pineapple, water, sugar”. This sugar can be found in cereals and ice cream.
218;Plum Juice Concentrate;Kellogg Special K Dark Chocolate Pomegranate Chewy Snack Bar;http://www.specialk.com/en_US/products/special-k-snack-bars-dark-chocolate-pomegranet-product.html;Plum juice concentrate is made by squeezing juice from the plum and removing a large percentage of the water, usually by heat. This sugar can be found in protein bars and dressings.
219;Pomegranate Juice Concentrate;Bai Antioxidant Infusion Ipanema Pomegranate Flavored Water;https://www.drinkbai.com/products/ipanema-pomegranate;Pomegranate juice concentrate is made by squeezing juice from the pomegranate and removing a large percentage of the water, usually by heat. This sugar can be found in juice, energy drinks, and yoghurt.
220;Powdered Sugar;Deluscious Chocolate Decadence Cookies;https://www.delusciouscookies.com/articles/chocolate-decadence.htm;Powdered sugar, also called confectioners' sugar, is a finely ground sugar produced by milling granulated sugar into a powdered state. It usually contains a small amount of anti-caking agent and is found in apple pancakes and baked goods.
221;Pure Cane Golden Brown Sugar;Jackie's Cookie Connection Boysenberry Chocolate Chip Cookies;https://www.jackiescookieconnection.com/ingredients;Golden brown sugar is made by mixing pure cane sugar and molasses. This sugar can be found in chocolate chip cookies.
222;Pure Cane Sugar;Starbucks Almond Butter, Strawberry, And Jam Sandwich;https://www.starbucks.com/menu/food/mercato/almond-butter-strawberry-jam;Pure cane sugar comes from the sugarcane plant without any genetic modification. This sugar is found in lemonade and goat cheese.
223;Pure Local Sorghum Molasses;Buchi Sovereign Kombucha Ginger, Peach, Molasses Tea;https://www.drinkbuchi.com/Brews/Sovereign;Sorghum cane is harvested and the juice is extracted from the freshly cut plants. This sugar can be found in different types of tea.
224;Pure Maple Syrup;Michele's Granola Toasted Muesli Cereal;https://www.michelesgranola.com/products/toasted-muesli;The basic ingredient in maple syrup is the sap from the xylem of sugar maple or various other species of maple trees. It consists primarily of sucrose and water and can be found in cereals or used with pancakes. 
225;Raisin Juice Concentrate;New Yorker Bagels Kettle Boiled Wheat Bagel;https://wholesale-bagels.newyorkerbagels.com/wp-content/uploads/2015/02/NYWB-Wheat-Everything-water-bagles.pdf;Raisin juice concentrate is made by obtaining juice from the raisin and removing a large percentage of the water, usually by heat. This sugar can be found in bread.
226;Raisin Nectar;Silver Hills Squirrelly Wheat Bread;https://silverhillsbakery.ca/our-products/squirrelly-bread/;Raisin nectar is juice from a raisin often diluted with water and contain additives including natural and artificial sweeteners. This sugar is found in wheat bread and bagels. 
227;Raspberry Juice Concentrate;Turkey Hill Raspberry Cream Swirl Ice Cream;https://www.turkeyhill.com/frozen/ice-cream/premium-ice-cream/raspberry-cream-swirl;Raspberry juice concentrate is made by squeezing juice from the raspberry and removing a large percentage of the water, usually by heat. This sugar is found in sports drinks and some ice creams. 
228;Raw Cane Sugar;Jiva Classic Coffee Cubes, Freeze-Dried Colombian Coffee ;https://jivacubes.com/product/classic-coffee-cubes/;Raw (cane) sugar, or turbinado (brown) sugar, is made from the juice of the sugar cane plant with its brown coloring due to the presence of molasses. It can be found in some colombian coffees, onion dips, and chocolate almonds.
229;Raw Honey;Cappellos Gluten And Grain Free Pepperoni Pizza;https://cappellos.com/products/pepperoni-pizza-1;Raw honey is made by extracting honey from the honeycombs of the hive and straining it over a mesh or nylon cloth to separate the honey from impurities. It can be found in some gluten free pizza, almond butter, and dietary supplements. 
230;Raw Sugar;Starbucks Smoked Cubano Sandwich;https://www.starbucks.com/menu/food/mercato/smoked-pork-cubano;Raw (cane) sugar, or turbinado (brown) sugar, is made from the juice of the sugar cane plant with its brown coloring due to the presence of molasses. It can be found in smoked cubano sandwiches, bacon, and sausages. 
231;Refiner's Syrup;General Mills French Toast Crunch Cereal;https://www.generalmills.com/en/Brands/Cereals/cinnamon-toast-crunch/brand-product-list;Refiner's syrup (also called “golden syrup”) is made at a sugar refinery, not at the sugar mill. This sugar is found in some cereals. 
232;Refinery Syrup;TGI Friday's Honey BBQ Chicken Wings;http://www.fridaysinyourfreezer.com/Products/Chicken%20Wings%20Honey%20BBQ%209%20OZ;Refinery syrup is made at a sugar refinery, not at the sugar mill. This sugar can be found in some chain restaurants honey bbq chicken wings.
233;Rice Maltodextrin;Nature Valley Coconut Almond Protein Chewy Bar;https://www.naturevalley.com/product/gluten-free-protein-bars-coconut-almond/;Maltodextrin is a powder that is generally creamy white in color and the partial hydrolysis of starch results in rice maltodextrin. It can be found in some protein bars, sweeteners, and probiotic dietary supplements.
234;Rice Syrup;ON-Optimum Nutrition Cake Bites, Whipped Protein Bar;https://www.optimumnutrition.com/en-us/product/cake-bites;Rice syrup is derived from cultured cooked rice starch with saccharifying enzymes to break down the starches, followed by straining of the liquid and evaporation. This sugar can be found in some protein bars and chocolate cookies.
235;Rice Syrup Solids;Perfectlyfree Mint Chocolate Frozen Dessert;https://www.perfectlyfree.com/bites/?flavor=mint-chocolate;Rice syrup solids are sweet granulated powder additives. It can be found in some frozen chocolate bites and nutty bars.
236;Saccharose;Toschi Candied Orange Peels In Syrup, Sweetened Fruit in Syrup;https://www.worldmarket.com/product/toschi+candied+orange+peels+in+syrup.do;Saccharose is another term for sucrose, or sugar. This sugar can be found in syrup with candied orange peels, shortbread, and chocolates.
237;Sorghum Syrup;Aunt Millie's 12 Whole Grains Bread;https://www.auntmillies.com/products/breads/5616;Sorghum syrup is made from a type of grass grown in tall stalks which are harvested, juiced, and boiled until enough moisture has evaporated. This sugar is found in some whole grains bread and granola.
238;Strawberry Juice Concentrate;Bai Antioxidant Infusion Sao Paulo Strawberry Flavored Water;https://www.drinkbai.com/products/sao-paulo-strawberry-lemon;Strawberry juice concentrate is made by squeezing juice from the strawberry and removing a large percentage of the water, usually by heat. This sugar can be found in some strawberry lemonade drinks and candies.
239;Sucrose;Fischer & Wieser Razzpotle Roasted Blueberry Chipotle Sauce;https://www.jelly.com/product/1062/roasted-blueberry-chipotle-sauce;Sucrose is a disaccharide made of glucose and fructose. Sucrose is produced naturally in plants, from which table sugar is refined. It can be found in chocolate, sauces, fruits, and energy drinks.
240;Sugar;General Mills Honey Nut Cheerios Cereal;https://www.cheerios.com/products/honey-nut-cheerios/;Sugar is the generic name for sweet-tasting, soluble carbohydrates. Sugar is found in cereals, granola bars, fruit juices, and more.
241;Sugar Beet Syrup;Westminster Baker Lucy Superfruit Cookies;https://www.westminstercrackers.com/superfruit-cookies;Sugar beet syrup is made from the juice of harvested sugar beets. It is then cooked and concentrated and can be found in superfruit and italian cookies.
242;Sugar Cane Syrup;Udi Delicious Soft White Sandwich Bread;https://udisglutenfree.com/products/delicious-soft-white-sandwich-bread-12-oz/;Sugar cane syrup is made by evaporating sugar cane juice.  During the boiling process, baking soda and lemon juice are also added to the juice. This sugar can be found in chocolate, bagels, and mexican condiments.
243;Sugarcane Molasses;Starbucks Ham & NY Cheddar Sandwich;https://www.starbucks.com/menu/food/sandwiches-panini-and-wraps/ham-ny-cheddar-sandwich?foodZone=9999;Sugarcane molasses is the liquid produced after evaporating sugarcane juice and removing all or any part of the crystallizable sugar. This sugar can be found in grain bread and wafers.
244;Syrup;Daelmans Caramel Mini Stroopwafels Cookie;https://www.stroopwafels.com/us/product/daelmans-mini-caramel-200-pcs/;A syrup is a condiment that is a thick, viscous liquid consisting primarily of a solution of sugar in water. This sugar can be found in some candy and baked goods.
245;Tapioca Dextrin;Stubb Spicy Bar-B-Q Sauce;https://www.stubbsbbq.com/product/spicy/;Tapioca dextrin is a sugar that is extracted from the cassava plant. This sugar can be found in some spicy bbq brand sauces and candy. 
246;Tapioca Maltodextrin;Starbucks Ham & NY Cheddar Sandwich;https://www.starbucks.com/menu/food/sandwiches-panini-and-wraps/ham-ny-cheddar-sandwich?foodZone=9999;Tapioca maltodextrin is derived from tapioca starch using a natural enzymatic process, and is often used as a stabilizer. It's an ideal fat replacer in desserts, cheese products, dressings, and sauces.
247;Tapioca Syrup;Nugo Vanilla Yogurt Bar;https://store.nugonutrition.com/nugo-vanilla-yogurt;Tapioca syrup is produced from tapioca starch using a natural fermentation process. This sugar can be found in vanilla yoghurt bars and trail mix. 
248;Tapioca Syrup Solids;Ciao Bella Coconut Sorbetto Frozen Dessert;https://www.ewg.org/foodscores/products/799512012037-CiaoBellaCoconutSorbetto;The tapioca syrup solids are produced from tapioca starch that is obtained using a natural enzymatic process. This sugar can be found in some coconut sorbets. 
249;Tart Cherry Juice Concentrate;Kevita Master Brew Kombucha Tart Cherry Tea;https://www.kevita.com/tart-cherry/;Tart cherry juice concentrate is made by squeezing juice from the tart cherry and removing a large percentage of the water, usually by heat. This sugar is found in some kombucha tart cherry drinks and juices.
250;Treacle;Kilwins Red Licorice Twists Candy;https://www.kilwins.com/shop/more-favorites/red-licorice-twists;Treacle is any uncrystallized syrup made during the refining of sugar. This sugar can be found in treacle tart, treacle sponge pudding, and licorice.
251;Trehalose;Miyasaka Jozo Freeze Fried Authentic Instant Miso Soup;http://miyasaka-usa.com/freeze-dried-authentic-instant-miso-soup/;Trehalose is a sugar consisting of two molecules of glucose. It is also known as mycose or tremalose and can be found in some miso soup packets and seasoned pallots.
252;Turbinado Sugar;Au Bon Pain Turkey Club Sandwich;https://www.aubonpain.com/(GetProductDetails)/menu?id=194;Turbinado sugar is made from the juice of the sugar cane plant. This sugar can be found in some cold-cut turkey, bacon, and beef chili.
253;Unsulfured Molasses;Barbara's Bakery Better Than Granola Oats & Honey Granola Cereal;https://www.thefreshgrocer.com/pd/Barbaras-Bakery/Better-than-Granola-Oats-and-Honey-Granola-Cereal/10-oz/070617300107/;Unsulphured molasses is made from matured cane plants that have been allowed to ripen naturally in the field. This sugar can be found in certain granola oats, biscuits, and cereals. 
254;Watermelon Juice Concentrate;Bai Antioxidant Infusion Kula Watermelon Flavored Water;https://www.drinkbai.com/products/kula-watermelon;Watermelon juice concentrate is made by squeezing juice from the watermelon and removing a large percentage of the water, usually by heat. This sugar is found in watermelon flavored drinks, lemonade, and jelly beans.
255;Wheat Dextrin;Benefiber Original Powder Fiber Supplement;https://www.benefiber.com/fiber-supplement-products/benefiber-powder/;Wheat dextrin is extracted from wheat starch, and widely used to add fiber in processed foods. This sugar can be found in some weight loss drinks, fiber supplements, and wheat flakes.
256;Wheat Glucose Syrup;Sweet Gourmet Kookaburra Black Australian Licorice Candy;http://www.sweetgourmet.com/sweetgourmet-kookaburra-black-australian-licorice.html;Wheat glucose syrup is a gluten-free sweetener made most frequently from corn, but also from tapioca, potato, and sorghum or wheat starch. This sugar is found in black licorice snacks and tea. 
257;White Grain Sorghum Extract;Mountain Muesli American Muesl Cherry Almond Granola;https://www.mountainmuesli.com/cereal-1/cherry-almond;White grain sorghum extract is a binder and bodifying agent that provides viscosity for baking by retaining retain moisture. This sugar can be found in cherry almond snack mixes. 
258;White Granulated Sugar;Sunrich Naturals Strawberry Cobbler Pie;http://www.sunrich.com/recipes/dessert/sol_dessert_strawberry_cobbler.html;White granulated sugar is pure cane sugar that has been stripped of any molasses. This sugar can be found in some strawberry cobbler pies and chocolate.
259;White Grape Juice Concentrate;Dole 100% Fruit Juice Fruit Cherry Mixed Fruit Bowls ;https://dolesunshine.com/products/fruit-bowls/regular/cherry-mixed-fruit-in-100-juice;White grape juice concentrate is made by squeezing juice from the white grape and removing a large percentage of the water, usually by heat. This sugar is found in mixed fruit cups, nutrition bars, and jam.
260;White Sugar;Fun Factory Sweet Shoppe Blueberry Popcorn;https://funfactorysweets.com/products/blueberry;White sugar is made either of beet or cane sugar, which has undergone a refining process which removes the molasses and transforms the sugar into sucrose. this sugar is found in bbq sauce, empanadas, and cookie dough. 
261;Wildflower Honey;Udi Gluten Free Pure Honey Au Naturel Granola;https://udisglutenfree.com/products/gluten-free-au-naturel-granola/;Wildflower honey is any honey that comes strictly from wildflowers. This sugar can be found in some granola packages and greek yoghurt.
262;Yellow Sugar;Culinary Tours Szechuan Style Peanut Sauce;http://culinarytoursfoods.com/product/szechwan-sauce-marinade-peanuts/;Yellow sugar is a light brown sugar. This sugar is found in baked goods such as cakes, cinnamon buns, and pecan pie.
;;;;
;;;;
;;;;
;;;;
;;;;
;;;;
;;;;
;;;;
;;;;
;;;;
;;;;
;;;;
;;;;
;;;;
;;;;
;;;;
;;;;
;;;;
;;;;
;;;;
;;;;
;;;;
;;;;
;;;;
;;;;
;;;;
;;;;
;;;;
;;;;
;;;;
;;;;
;;;;
;;;;
;;;;
;;;;
;;;;
;;;;
;;;;
;;;;
;;;;
;;;;
;;;;
;;;;
;;;;
;;;;
;;;;
;;;;
;;;;
;;;;
;;;;
;;;;
;;;;
;;;;
;;;;
;;;;
;;;;
;;;;
;;;;
;;;;
;;;;
;;;;
;;;;
;;;;
;;;;
;;;;
;;;;
;;;;
;;;;
;;;;
;;;;
;;;;
;;;;
;;;;
;;;;
;;;;
;;;;
;;;;
